{
  "$schema": "https://developer.microsoft.com/json-schemas/spfx/client-side-web-part-manifest.schema.json",
  "id": "46b56c8a-de92-4eb3-a5c8-9d67df4f4bd2",
  "alias": "DossierFilesWebPart",
  "componentType": "WebPart",

  "version": "*",
  "manifestVersion": 2,

  "requiresCustomScript": false,

  "preconfiguredEntries": [{
    "groupId": "46b56c8a-de92-4eb3-a5c8-9d67df4f4bd2",
    "group": { "default": "Other" },
    "title": { "default": "dossierFiles" },
    "description": { "default": "Web part UX for a POC way to connect documents to a dossier structure" },
    "officeFabricIconFontName": "FabricFormLibrary",
    "properties": {
      "dossierGenericList": "",
      "dossierDocumentLibrary": "",
      "dossierTypes": "Geo;Country;Organisation",
      "dossierRootTitle": "World"
    }
  }]
}
